{
  "ABIRoot": {
    "kind": "Root",
    "name": "TopLevel",
    "printedName": "TopLevel",
    "children": [
      {
        "kind": "Import",
        "name": "ApptimismSDK",
        "printedName": "ApptimismSDK",
        "declKind": "Import",
        "moduleName": "MAXApptimismCustomAdapter",
        "declAttributes": [
          "SPIAccessControl",
          "RawDocComment"
        ]
      },
      {
        "kind": "Import",
        "name": "AppLovinSDK",
        "printedName": "AppLovinSDK",
        "declKind": "Import",
        "moduleName": "MAXApptimismCustomAdapter"
      },
      {
        "kind": "Import",
        "name": "UIKit",
        "printedName": "UIKit",
        "declKind": "Import",
        "moduleName": "MAXApptimismCustomAdapter"
      },
      {
        "kind": "Import",
        "name": "ApptimismSDK",
        "printedName": "ApptimismSDK",
        "declKind": "Import",
        "moduleName": "MAXApptimismCustomAdapter",
        "declAttributes": [
          "SPIAccessControl",
          "RawDocComment"
        ]
      },
      {
        "kind": "Import",
        "name": "AppLovinSDK",
        "printedName": "AppLovinSDK",
        "declKind": "Import",
        "moduleName": "MAXApptimismCustomAdapter"
      },
      {
        "kind": "Import",
        "name": "Foundation",
        "printedName": "Foundation",
        "declKind": "Import",
        "moduleName": "MAXApptimismCustomAdapter"
      },
      {
        "kind": "Import",
        "name": "ApptimismSDK",
        "printedName": "ApptimismSDK",
        "declKind": "Import",
        "moduleName": "MAXApptimismCustomAdapter",
        "declAttributes": [
          "SPIAccessControl",
          "RawDocComment"
        ]
      },
      {
        "kind": "Import",
        "name": "AppLovinSDK",
        "printedName": "AppLovinSDK",
        "declKind": "Import",
        "moduleName": "MAXApptimismCustomAdapter"
      },
      {
        "kind": "Import",
        "name": "Combine",
        "printedName": "Combine",
        "declKind": "Import",
        "moduleName": "MAXApptimismCustomAdapter"
      },
      {
        "kind": "TypeDecl",
        "name": "MAXApptimismCustomAdapter",
        "printedName": "MAXApptimismCustomAdapter",
        "children": [
          {
            "kind": "Var",
            "name": "sdkVersion",
            "printedName": "sdkVersion",
            "children": [
              {
                "kind": "TypeNominal",
                "name": "String",
                "printedName": "Swift.String",
                "usr": "s:SS"
              }
            ],
            "declKind": "Var",
            "usr": "c:@M@MAXApptimismCustomAdapter@objc(cs)MAXApptimismCustomAdapter(py)SDKVersion",
            "mangledName": "$s25MAXApptimismCustomAdapterAAC10sdkVersionSSvp",
            "moduleName": "MAXApptimismCustomAdapter",
            "overriding": true,
            "objc_name": "SDKVersion",
            "declAttributes": [
              "Final",
              "ObjC",
              "Override",
              "AccessControl",
              "RawDocComment"
            ],
            "accessors": [
              {
                "kind": "Accessor",
                "name": "Get",
                "printedName": "Get()",
                "children": [
                  {
                    "kind": "TypeNominal",
                    "name": "String",
                    "printedName": "Swift.String",
                    "usr": "s:SS"
                  }
                ],
                "declKind": "Accessor",
                "usr": "c:@M@MAXApptimismCustomAdapter@objc(cs)MAXApptimismCustomAdapter(im)SDKVersion",
                "mangledName": "$s25MAXApptimismCustomAdapterAAC10sdkVersionSSvg",
                "moduleName": "MAXApptimismCustomAdapter",
                "overriding": true,
                "objc_name": "SDKVersion",
                "declAttributes": [
                  "Final",
                  "ObjC"
                ],
                "accessorKind": "get"
              }
            ]
          },
          {
            "kind": "Var",
            "name": "adapterVersion",
            "printedName": "adapterVersion",
            "children": [
              {
                "kind": "TypeNominal",
                "name": "String",
                "printedName": "Swift.String",
                "usr": "s:SS"
              }
            ],
            "declKind": "Var",
            "usr": "c:@M@MAXApptimismCustomAdapter@objc(cs)MAXApptimismCustomAdapter(py)adapterVersion",
            "mangledName": "$s25MAXApptimismCustomAdapterAAC14adapterVersionSSvp",
            "moduleName": "MAXApptimismCustomAdapter",
            "overriding": true,
            "objc_name": "adapterVersion",
            "declAttributes": [
              "Final",
              "ObjC",
              "Override",
              "AccessControl"
            ],
            "accessors": [
              {
                "kind": "Accessor",
                "name": "Get",
                "printedName": "Get()",
                "children": [
                  {
                    "kind": "TypeNominal",
                    "name": "String",
                    "printedName": "Swift.String",
                    "usr": "s:SS"
                  }
                ],
                "declKind": "Accessor",
                "usr": "c:@M@MAXApptimismCustomAdapter@objc(cs)MAXApptimismCustomAdapter(im)adapterVersion",
                "mangledName": "$s25MAXApptimismCustomAdapterAAC14adapterVersionSSvg",
                "moduleName": "MAXApptimismCustomAdapter",
                "overriding": true,
                "objc_name": "adapterVersion",
                "declAttributes": [
                  "Final",
                  "ObjC"
                ],
                "accessorKind": "get"
              }
            ]
          },
          {
            "kind": "Function",
            "name": "initialize",
            "printedName": "initialize(with:completionHandler:)",
            "children": [
              {
                "kind": "TypeNominal",
                "name": "Void",
                "printedName": "()"
              },
              {
                "kind": "TypeNominal",
                "name": "MAAdapterInitializationParameters",
                "printedName": "AppLovinSDK.MAAdapterInitializationParameters",
                "usr": "c:objc(pl)MAAdapterInitializationParameters"
              },
              {
                "kind": "TypeFunc",
                "name": "Function",
                "printedName": "(AppLovinSDK.MAAdapterInitializationStatus, Swift.String?) -> ()",
                "children": [
                  {
                    "kind": "TypeNominal",
                    "name": "Void",
                    "printedName": "()"
                  },
                  {
                    "kind": "TypeNominal",
                    "name": "Tuple",
                    "printedName": "(AppLovinSDK.MAAdapterInitializationStatus, Swift.String?)",
                    "children": [
                      {
                        "kind": "TypeNominal",
                        "name": "MAAdapterInitializationStatus",
                        "printedName": "AppLovinSDK.MAAdapterInitializationStatus",
                        "usr": "c:@E@MAAdapterInitializationStatus"
                      },
                      {
                        "kind": "TypeNominal",
                        "name": "Optional",
                        "printedName": "Swift.String?",
                        "children": [
                          {
                            "kind": "TypeNominal",
                            "name": "String",
                            "printedName": "Swift.String",
                            "usr": "s:SS"
                          }
                        ],
                        "usr": "s:Sq"
                      }
                    ]
                  }
                ]
              }
            ],
            "declKind": "Func",
            "usr": "c:@M@MAXApptimismCustomAdapter@objc(cs)MAXApptimismCustomAdapter(im)initializeWithParameters:completionHandler:",
            "mangledName": "$s25MAXApptimismCustomAdapterAAC10initialize4with17completionHandlerySo33MAAdapterInitializationParameters_p_ySo0hI6StatusV_SSSgtctF",
            "moduleName": "MAXApptimismCustomAdapter",
            "overriding": true,
            "objc_name": "initializeWithParameters:completionHandler:",
            "declAttributes": [
              "Final",
              "ObjC",
              "Override",
              "AccessControl"
            ],
            "funcSelfKind": "NonMutating"
          },
          {
            "kind": "Function",
            "name": "loadInterstitialAd",
            "printedName": "loadInterstitialAd(for:andNotify:)",
            "children": [
              {
                "kind": "TypeNominal",
                "name": "Void",
                "printedName": "()"
              },
              {
                "kind": "TypeNominal",
                "name": "MAAdapterResponseParameters",
                "printedName": "AppLovinSDK.MAAdapterResponseParameters",
                "usr": "c:objc(pl)MAAdapterResponseParameters"
              },
              {
                "kind": "TypeNominal",
                "name": "MAInterstitialAdapterDelegate",
                "printedName": "AppLovinSDK.MAInterstitialAdapterDelegate",
                "usr": "c:objc(pl)MAInterstitialAdapterDelegate"
              }
            ],
            "declKind": "Func",
            "usr": "c:@M@MAXApptimismCustomAdapter@objc(cs)MAXApptimismCustomAdapter(im)loadInterstitialAdForParameters:andNotify:",
            "mangledName": "$s25MAXApptimismCustomAdapterAAC18loadInterstitialAd3for9andNotifyySo27MAAdapterResponseParameters_p_So014MAInterstitialC8Delegate_ptF",
            "moduleName": "MAXApptimismCustomAdapter",
            "objc_name": "loadInterstitialAdForParameters:andNotify:",
            "declAttributes": [
              "Final",
              "ObjC",
              "AccessControl",
              "RawDocComment"
            ],
            "funcSelfKind": "NonMutating"
          },
          {
            "kind": "Function",
            "name": "showInterstitialAd",
            "printedName": "showInterstitialAd(for:andNotify:)",
            "children": [
              {
                "kind": "TypeNominal",
                "name": "Void",
                "printedName": "()"
              },
              {
                "kind": "TypeNominal",
                "name": "MAAdapterResponseParameters",
                "printedName": "AppLovinSDK.MAAdapterResponseParameters",
                "usr": "c:objc(pl)MAAdapterResponseParameters"
              },
              {
                "kind": "TypeNominal",
                "name": "MAInterstitialAdapterDelegate",
                "printedName": "AppLovinSDK.MAInterstitialAdapterDelegate",
                "usr": "c:objc(pl)MAInterstitialAdapterDelegate"
              }
            ],
            "declKind": "Func",
            "usr": "c:@M@MAXApptimismCustomAdapter@objc(cs)MAXApptimismCustomAdapter(im)showInterstitialAdForParameters:andNotify:",
            "mangledName": "$s25MAXApptimismCustomAdapterAAC18showInterstitialAd3for9andNotifyySo27MAAdapterResponseParameters_p_So014MAInterstitialC8Delegate_ptF",
            "moduleName": "MAXApptimismCustomAdapter",
            "objc_name": "showInterstitialAdForParameters:andNotify:",
            "declAttributes": [
              "Final",
              "ObjC",
              "AccessControl"
            ],
            "funcSelfKind": "NonMutating"
          },
          {
            "kind": "Function",
            "name": "loadRewardedAd",
            "printedName": "loadRewardedAd(for:andNotify:)",
            "children": [
              {
                "kind": "TypeNominal",
                "name": "Void",
                "printedName": "()"
              },
              {
                "kind": "TypeNominal",
                "name": "MAAdapterResponseParameters",
                "printedName": "AppLovinSDK.MAAdapterResponseParameters",
                "usr": "c:objc(pl)MAAdapterResponseParameters"
              },
              {
                "kind": "TypeNominal",
                "name": "MARewardedAdapterDelegate",
                "printedName": "AppLovinSDK.MARewardedAdapterDelegate",
                "usr": "c:objc(pl)MARewardedAdapterDelegate"
              }
            ],
            "declKind": "Func",
            "usr": "c:@M@MAXApptimismCustomAdapter@objc(cs)MAXApptimismCustomAdapter(im)loadRewardedAdForParameters:andNotify:",
            "mangledName": "$s25MAXApptimismCustomAdapterAAC14loadRewardedAd3for9andNotifyySo27MAAdapterResponseParameters_p_So010MARewardedC8Delegate_ptF",
            "moduleName": "MAXApptimismCustomAdapter",
            "objc_name": "loadRewardedAdForParameters:andNotify:",
            "declAttributes": [
              "Final",
              "ObjC",
              "AccessControl",
              "RawDocComment"
            ],
            "funcSelfKind": "NonMutating"
          },
          {
            "kind": "Function",
            "name": "showRewardedAd",
            "printedName": "showRewardedAd(for:andNotify:)",
            "children": [
              {
                "kind": "TypeNominal",
                "name": "Void",
                "printedName": "()"
              },
              {
                "kind": "TypeNominal",
                "name": "MAAdapterResponseParameters",
                "printedName": "AppLovinSDK.MAAdapterResponseParameters",
                "usr": "c:objc(pl)MAAdapterResponseParameters"
              },
              {
                "kind": "TypeNominal",
                "name": "MARewardedAdapterDelegate",
                "printedName": "AppLovinSDK.MARewardedAdapterDelegate",
                "usr": "c:objc(pl)MARewardedAdapterDelegate"
              }
            ],
            "declKind": "Func",
            "usr": "c:@M@MAXApptimismCustomAdapter@objc(cs)MAXApptimismCustomAdapter(im)showRewardedAdForParameters:andNotify:",
            "mangledName": "$s25MAXApptimismCustomAdapterAAC14showRewardedAd3for9andNotifyySo27MAAdapterResponseParameters_p_So010MARewardedC8Delegate_ptF",
            "moduleName": "MAXApptimismCustomAdapter",
            "objc_name": "showRewardedAdForParameters:andNotify:",
            "declAttributes": [
              "Final",
              "ObjC",
              "AccessControl"
            ],
            "funcSelfKind": "NonMutating"
          },
          {
            "kind": "Constructor",
            "name": "init",
            "printedName": "init(sdk:)",
            "children": [
              {
                "kind": "TypeNominal",
                "name": "MAXApptimismCustomAdapter",
                "printedName": "MAXApptimismCustomAdapter.MAXApptimismCustomAdapter",
                "usr": "c:@M@MAXApptimismCustomAdapter@objc(cs)MAXApptimismCustomAdapter"
              },
              {
                "kind": "TypeNominal",
                "name": "ALSdk",
                "printedName": "AppLovinSDK.ALSdk",
                "usr": "c:objc(cs)ALSdk"
              }
            ],
            "declKind": "Constructor",
            "usr": "c:@M@MAXApptimismCustomAdapter@objc(cs)MAXApptimismCustomAdapter(im)initWithSdk:",
            "mangledName": "$s25MAXApptimismCustomAdapterAAC3sdkABSo5ALSdkC_tcfc",
            "moduleName": "MAXApptimismCustomAdapter",
            "overriding": true,
            "implicit": true,
            "objc_name": "initWithSdk:",
            "declAttributes": [
              "Dynamic",
              "ObjC",
              "Override"
            ],
            "init_kind": "Designated"
          }
        ],
        "declKind": "Class",
        "usr": "c:@M@MAXApptimismCustomAdapter@objc(cs)MAXApptimismCustomAdapter",
        "mangledName": "$s25MAXApptimismCustomAdapterAAC",
        "moduleName": "MAXApptimismCustomAdapter",
        "objc_name": "MAXApptimismCustomAdapter",
        "declAttributes": [
          "Final",
          "AccessControl",
          "ObjCMembers",
          "ObjC"
        ],
        "superclassUsr": "c:objc(cs)ALMediationAdapter",
        "inheritsConvenienceInitializers": true,
        "superclassNames": [
          "AppLovinSDK.ALMediationAdapter",
          "ObjectiveC.NSObject"
        ],
        "conformances": [
          {
            "kind": "Conformance",
            "name": "Equatable",
            "printedName": "Equatable",
            "usr": "s:SQ",
            "mangledName": "$sSQ"
          },
          {
            "kind": "Conformance",
            "name": "Hashable",
            "printedName": "Hashable",
            "usr": "s:SH",
            "mangledName": "$sSH"
          },
          {
            "kind": "Conformance",
            "name": "CVarArg",
            "printedName": "CVarArg",
            "usr": "s:s7CVarArgP",
            "mangledName": "$ss7CVarArgP"
          },
          {
            "kind": "Conformance",
            "name": "_KeyValueCodingAndObservingPublishing",
            "printedName": "_KeyValueCodingAndObservingPublishing",
            "usr": "s:10Foundation37_KeyValueCodingAndObservingPublishingP",
            "mangledName": "$s10Foundation37_KeyValueCodingAndObservingPublishingP"
          },
          {
            "kind": "Conformance",
            "name": "_KeyValueCodingAndObserving",
            "printedName": "_KeyValueCodingAndObserving",
            "usr": "s:10Foundation27_KeyValueCodingAndObservingP",
            "mangledName": "$s10Foundation27_KeyValueCodingAndObservingP"
          },
          {
            "kind": "Conformance",
            "name": "CustomStringConvertible",
            "printedName": "CustomStringConvertible",
            "usr": "s:s23CustomStringConvertibleP",
            "mangledName": "$ss23CustomStringConvertibleP"
          },
          {
            "kind": "Conformance",
            "name": "CustomDebugStringConvertible",
            "printedName": "CustomDebugStringConvertible",
            "usr": "s:s28CustomDebugStringConvertibleP",
            "mangledName": "$ss28CustomDebugStringConvertibleP"
          }
        ]
      },
      {
        "kind": "Import",
        "name": "ApptimismSDK",
        "printedName": "ApptimismSDK",
        "declKind": "Import",
        "moduleName": "MAXApptimismCustomAdapter",
        "declAttributes": [
          "SPIAccessControl",
          "RawDocComment"
        ]
      },
      {
        "kind": "Import",
        "name": "AppLovinSDK",
        "printedName": "AppLovinSDK",
        "declKind": "Import",
        "moduleName": "MAXApptimismCustomAdapter"
      },
      {
        "kind": "Import",
        "name": "UIKit",
        "printedName": "UIKit",
        "declKind": "Import",
        "moduleName": "MAXApptimismCustomAdapter"
      }
    ],
    "json_format_version": 8
  },
  "ConstValues": [
    {
      "filePath": "\/Users\/v.zaharov\/src\/apptimism-sdk\/ios\/MAXApptimismCustomAdapter\/MAXApptimismCustomAdapter\/MAXApptimismCustomRewardedVideo.swift",
      "kind": "StringLiteral",
      "offset": 783,
      "length": 47,
      "value": "\"[MAXApptimismCustomRewardedVideo] Initialized\""
    },
    {
      "filePath": "\/Users\/v.zaharov\/src\/apptimism-sdk\/ios\/MAXApptimismCustomAdapter\/MAXApptimismCustomAdapter\/MAXApptimismCustomRewardedVideo.swift",
      "kind": "StringLiteral",
      "offset": 1136,
      "length": 47,
      "value": "\"[MAXApptimismCustomRewardedVideo] load called\""
    },
    {
      "filePath": "\/Users\/v.zaharov\/src\/apptimism-sdk\/ios\/MAXApptimismCustomAdapter\/MAXApptimismCustomAdapter\/MAXApptimismCustomRewardedVideo.swift",
      "kind": "StringLiteral",
      "offset": 1585,
      "length": 50,
      "value": "\"[MAXApptimismCustomRewardedVideo] loaded success\""
    },
    {
      "filePath": "\/Users\/v.zaharov\/src\/apptimism-sdk\/ios\/MAXApptimismCustomAdapter\/MAXApptimismCustomAdapter\/MAXApptimismCustomRewardedVideo.swift",
      "kind": "StringLiteral",
      "offset": 1905,
      "length": 65,
      "value": "\"[MAXApptimismCustomRewardedVideo] failed to load with: \""
    },
    {
      "filePath": "\/Users\/v.zaharov\/src\/apptimism-sdk\/ios\/MAXApptimismCustomAdapter\/MAXApptimismCustomAdapter\/MAXApptimismCustomRewardedVideo.swift",
      "kind": "StringLiteral",
      "offset": 1969,
      "length": 2,
      "value": "\"\""
    },
    {
      "filePath": "\/Users\/v.zaharov\/src\/apptimism-sdk\/ios\/MAXApptimismCustomAdapter\/MAXApptimismCustomAdapter\/MAXApptimismCustomRewardedVideo.swift",
      "kind": "StringLiteral",
      "offset": 2265,
      "length": 47,
      "value": "\"[MAXApptimismCustomRewardedVideo] show called\""
    },
    {
      "filePath": "\/Users\/v.zaharov\/src\/apptimism-sdk\/ios\/MAXApptimismCustomAdapter\/MAXApptimismCustomAdapter\/MAXApptimismCustomRewardedVideo.swift",
      "kind": "StringLiteral",
      "offset": 2429,
      "length": 83,
      "value": "\"[MAXApptimismCustomRewardedVideo] failed to show: presentingViewController is nil\""
    },
    {
      "filePath": "\/Users\/v.zaharov\/src\/apptimism-sdk\/ios\/MAXApptimismCustomAdapter\/MAXApptimismCustomAdapter\/MAXApptimismCustomRewardedVideo.swift",
      "kind": "StringLiteral",
      "offset": 2640,
      "length": 49,
      "value": "\"[MAXApptimismCustomRewardedVideo] shown success\""
    },
    {
      "filePath": "\/Users\/v.zaharov\/src\/apptimism-sdk\/ios\/MAXApptimismCustomAdapter\/MAXApptimismCustomAdapter\/MAXApptimismCustomRewardedVideo.swift",
      "kind": "StringLiteral",
      "offset": 209,
      "length": 31,
      "value": "\"MAXApptimismCustomAdapter.MAXApptimismCustomRewardedVideo\""
    },
    {
      "filePath": "\/Users\/v.zaharov\/src\/apptimism-sdk\/ios\/MAXApptimismCustomAdapter\/MAXApptimismCustomAdapter\/MAXApptimismCustomRewardedVideo.swift",
      "kind": "StringLiteral",
      "offset": 2901,
      "length": 85,
      "value": "\"[MAXApptimismCustomRewardedVideo][RewardedAdDelegate] didFailToShowWithError called\""
    },
    {
      "filePath": "\/Users\/v.zaharov\/src\/apptimism-sdk\/ios\/MAXApptimismCustomAdapter\/MAXApptimismCustomAdapter\/MAXApptimismCustomRewardedVideo.swift",
      "kind": "StringLiteral",
      "offset": 3151,
      "length": 75,
      "value": "\"[MAXApptimismCustomRewardedVideo][RewardedAdDelegate] adDidDismiss called\""
    },
    {
      "filePath": "\/Users\/v.zaharov\/src\/apptimism-sdk\/ios\/MAXApptimismCustomAdapter\/MAXApptimismCustomAdapter\/MAXApptimismCustomRewardedVideo.swift",
      "kind": "StringLiteral",
      "offset": 3466,
      "length": 79,
      "value": "\"[MAXApptimismCustomRewardedVideo][RewardedAdDelegate] adDidRecordClick called\""
    },
    {
      "filePath": "\/Users\/v.zaharov\/src\/apptimism-sdk\/ios\/MAXApptimismCustomAdapter\/MAXApptimismCustomAdapter\/MAXApptimismCustomRewardedVideo.swift",
      "kind": "StringLiteral",
      "offset": 3689,
      "length": 75,
      "value": "\"[MAXApptimismCustomRewardedVideo][RewardedAdDelegate] adDidDisplay called\""
    },
    {
      "filePath": "\/Users\/v.zaharov\/src\/apptimism-sdk\/ios\/MAXApptimismCustomAdapter\/MAXApptimismCustomAdapter\/Internal\/RevenueTracker.swift",
      "kind": "StringLiteral",
      "offset": 309,
      "length": 20,
      "value": "\"max_revenue_events\""
    },
    {
      "filePath": "\/Users\/v.zaharov\/src\/apptimism-sdk\/ios\/MAXApptimismCustomAdapter\/MAXApptimismCustomAdapter\/Internal\/RevenueTracker.swift",
      "kind": "StringLiteral",
      "offset": 510,
      "length": 27,
      "value": "\"Starting revenue tracking\""
    },
    {
      "filePath": "\/Users\/v.zaharov\/src\/apptimism-sdk\/ios\/MAXApptimismCustomAdapter\/MAXApptimismCustomAdapter\/Internal\/RevenueTracker.swift",
      "kind": "StringLiteral",
      "offset": 707,
      "length": 26,
      "value": "\"Received ad revenue data\""
    },
    {
      "filePath": "\/Users\/v.zaharov\/src\/apptimism-sdk\/ios\/MAXApptimismCustomAdapter\/MAXApptimismCustomAdapter\/Internal\/RevenueTracker.swift",
      "kind": "StringLiteral",
      "offset": 841,
      "length": 9,
      "value": "\"revenue\""
    },
    {
      "filePath": "\/Users\/v.zaharov\/src\/apptimism-sdk\/ios\/MAXApptimismCustomAdapter\/MAXApptimismCustomAdapter\/Internal\/RevenueTracker.swift",
      "kind": "Dictionary",
      "offset": 952,
      "length": 3,
      "value": "[]"
    },
    {
      "filePath": "\/Users\/v.zaharov\/src\/apptimism-sdk\/ios\/MAXApptimismCustomAdapter\/MAXApptimismCustomAdapter\/Internal\/RevenueTracker.swift",
      "kind": "StringLiteral",
      "offset": 971,
      "length": 18,
      "value": "\"mediationNetwork\""
    },
    {
      "filePath": "\/Users\/v.zaharov\/src\/apptimism-sdk\/ios\/MAXApptimismCustomAdapter\/MAXApptimismCustomAdapter\/Internal\/RevenueTracker.swift",
      "kind": "StringLiteral",
      "offset": 993,
      "length": 10,
      "value": "\"applovin\""
    },
    {
      "filePath": "\/Users\/v.zaharov\/src\/apptimism-sdk\/ios\/MAXApptimismCustomAdapter\/MAXApptimismCustomAdapter\/Internal\/RevenueTracker.swift",
      "kind": "StringLiteral",
      "offset": 1019,
      "length": 10,
      "value": "\"currency\""
    },
    {
      "filePath": "\/Users\/v.zaharov\/src\/apptimism-sdk\/ios\/MAXApptimismCustomAdapter\/MAXApptimismCustomAdapter\/Internal\/RevenueTracker.swift",
      "kind": "StringLiteral",
      "offset": 1033,
      "length": 5,
      "value": "\"USD\""
    },
    {
      "filePath": "\/Users\/v.zaharov\/src\/apptimism-sdk\/ios\/MAXApptimismCustomAdapter\/MAXApptimismCustomAdapter\/Internal\/RevenueTracker.swift",
      "kind": "StringLiteral",
      "offset": 1054,
      "length": 13,
      "value": "\"idMaxAdUnit\""
    },
    {
      "filePath": "\/Users\/v.zaharov\/src\/apptimism-sdk\/ios\/MAXApptimismCustomAdapter\/MAXApptimismCustomAdapter\/Internal\/RevenueTracker.swift",
      "kind": "StringLiteral",
      "offset": 1084,
      "length": 16,
      "value": "\"max_ad_unit_id\""
    },
    {
      "filePath": "\/Users\/v.zaharov\/src\/apptimism-sdk\/ios\/MAXApptimismCustomAdapter\/MAXApptimismCustomAdapter\/Internal\/RevenueTracker.swift",
      "kind": "StringLiteral",
      "offset": 1117,
      "length": 10,
      "value": "\"adFormat\""
    },
    {
      "filePath": "\/Users\/v.zaharov\/src\/apptimism-sdk\/ios\/MAXApptimismCustomAdapter\/MAXApptimismCustomAdapter\/Internal\/RevenueTracker.swift",
      "kind": "StringLiteral",
      "offset": 1144,
      "length": 11,
      "value": "\"ad_format\""
    },
    {
      "filePath": "\/Users\/v.zaharov\/src\/apptimism-sdk\/ios\/MAXApptimismCustomAdapter\/MAXApptimismCustomAdapter\/Internal\/RevenueTracker.swift",
      "kind": "StringLiteral",
      "offset": 1172,
      "length": 4,
      "value": "\"id\""
    },
    {
      "filePath": "\/Users\/v.zaharov\/src\/apptimism-sdk\/ios\/MAXApptimismCustomAdapter\/MAXApptimismCustomAdapter\/Internal\/RevenueTracker.swift",
      "kind": "StringLiteral",
      "offset": 1193,
      "length": 4,
      "value": "\"id\""
    },
    {
      "filePath": "\/Users\/v.zaharov\/src\/apptimism-sdk\/ios\/MAXApptimismCustomAdapter\/MAXApptimismCustomAdapter\/Internal\/RevenueTracker.swift",
      "kind": "StringLiteral",
      "offset": 1214,
      "length": 18,
      "value": "\"networkPlacement\""
    },
    {
      "filePath": "\/Users\/v.zaharov\/src\/apptimism-sdk\/ios\/MAXApptimismCustomAdapter\/MAXApptimismCustomAdapter\/Internal\/RevenueTracker.swift",
      "kind": "StringLiteral",
      "offset": 1249,
      "length": 19,
      "value": "\"network_placement\""
    },
    {
      "filePath": "\/Users\/v.zaharov\/src\/apptimism-sdk\/ios\/MAXApptimismCustomAdapter\/MAXApptimismCustomAdapter\/Internal\/RevenueTracker.swift",
      "kind": "StringLiteral",
      "offset": 1285,
      "length": 21,
      "value": "\"thirdPartyPlacement\""
    },
    {
      "filePath": "\/Users\/v.zaharov\/src\/apptimism-sdk\/ios\/MAXApptimismCustomAdapter\/MAXApptimismCustomAdapter\/Internal\/RevenueTracker.swift",
      "kind": "StringLiteral",
      "offset": 1323,
      "length": 29,
      "value": "\"third_party_ad_placement_id\""
    },
    {
      "filePath": "\/Users\/v.zaharov\/src\/apptimism-sdk\/ios\/MAXApptimismCustomAdapter\/MAXApptimismCustomAdapter\/Internal\/RevenueTracker.swift",
      "kind": "StringLiteral",
      "offset": 1369,
      "length": 13,
      "value": "\"networkName\""
    },
    {
      "filePath": "\/Users\/v.zaharov\/src\/apptimism-sdk\/ios\/MAXApptimismCustomAdapter\/MAXApptimismCustomAdapter\/Internal\/RevenueTracker.swift",
      "kind": "StringLiteral",
      "offset": 1399,
      "length": 14,
      "value": "\"network_name\""
    },
    {
      "filePath": "\/Users\/v.zaharov\/src\/apptimism-sdk\/ios\/MAXApptimismCustomAdapter\/MAXApptimismCustomAdapter\/Internal\/RevenueTracker.swift",
      "kind": "StringLiteral",
      "offset": 1430,
      "length": 22,
      "value": "\"customSdkNetworkName\""
    },
    {
      "filePath": "\/Users\/v.zaharov\/src\/apptimism-sdk\/ios\/MAXApptimismCustomAdapter\/MAXApptimismCustomAdapter\/Internal\/RevenueTracker.swift",
      "kind": "StringLiteral",
      "offset": 1469,
      "length": 25,
      "value": "\"custom_sdk_network_name\""
    },
    {
      "filePath": "\/Users\/v.zaharov\/src\/apptimism-sdk\/ios\/MAXApptimismCustomAdapter\/MAXApptimismCustomAdapter\/Internal\/RevenueTracker.swift",
      "kind": "StringLiteral",
      "offset": 1511,
      "length": 12,
      "value": "\"idCreative\""
    },
    {
      "filePath": "\/Users\/v.zaharov\/src\/apptimism-sdk\/ios\/MAXApptimismCustomAdapter\/MAXApptimismCustomAdapter\/Internal\/RevenueTracker.swift",
      "kind": "StringLiteral",
      "offset": 1540,
      "length": 13,
      "value": "\"creative_id\""
    },
    {
      "filePath": "\/Users\/v.zaharov\/src\/apptimism-sdk\/ios\/MAXApptimismCustomAdapter\/MAXApptimismCustomAdapter\/Internal\/RevenueTracker.swift",
      "kind": "StringLiteral",
      "offset": 1570,
      "length": 20,
      "value": "\"revenueCountryCode\""
    },
    {
      "filePath": "\/Users\/v.zaharov\/src\/apptimism-sdk\/ios\/MAXApptimismCustomAdapter\/MAXApptimismCustomAdapter\/Internal\/RevenueTracker.swift",
      "kind": "StringLiteral",
      "offset": 1607,
      "length": 14,
      "value": "\"country_code\""
    },
    {
      "filePath": "\/Users\/v.zaharov\/src\/apptimism-sdk\/ios\/MAXApptimismCustomAdapter\/MAXApptimismCustomAdapter\/Internal\/RevenueTracker.swift",
      "kind": "StringLiteral",
      "offset": 1638,
      "length": 12,
      "value": "\"revenueSum\""
    },
    {
      "filePath": "\/Users\/v.zaharov\/src\/apptimism-sdk\/ios\/MAXApptimismCustomAdapter\/MAXApptimismCustomAdapter\/Internal\/RevenueTracker.swift",
      "kind": "StringLiteral",
      "offset": 1677,
      "length": 14,
      "value": "\"revenueEvent\""
    },
    {
      "filePath": "\/Users\/v.zaharov\/src\/apptimism-sdk\/ios\/MAXApptimismCustomAdapter\/MAXApptimismCustomAdapter\/Internal\/RevenueTracker.swift",
      "kind": "StringLiteral",
      "offset": 1708,
      "length": 15,
      "value": "\"revenue_event\""
    },
    {
      "filePath": "\/Users\/v.zaharov\/src\/apptimism-sdk\/ios\/MAXApptimismCustomAdapter\/MAXApptimismCustomAdapter\/Internal\/RevenueTracker.swift",
      "kind": "StringLiteral",
      "offset": 1740,
      "length": 18,
      "value": "\"revenuePrecision\""
    },
    {
      "filePath": "\/Users\/v.zaharov\/src\/apptimism-sdk\/ios\/MAXApptimismCustomAdapter\/MAXApptimismCustomAdapter\/Internal\/RevenueTracker.swift",
      "kind": "StringLiteral",
      "offset": 1775,
      "length": 11,
      "value": "\"precision\""
    },
    {
      "filePath": "\/Users\/v.zaharov\/src\/apptimism-sdk\/ios\/MAXApptimismCustomAdapter\/MAXApptimismCustomAdapter\/Internal\/RevenueTracker.swift",
      "kind": "StringLiteral",
      "offset": 1803,
      "length": 11,
      "value": "\"videoView\""
    },
    {
      "filePath": "\/Users\/v.zaharov\/src\/apptimism-sdk\/ios\/MAXApptimismCustomAdapter\/MAXApptimismCustomAdapter\/Internal\/RevenueTracker.swift",
      "kind": "StringLiteral",
      "offset": 1831,
      "length": 12,
      "value": "\"video_view\""
    },
    {
      "filePath": "\/Users\/v.zaharov\/src\/apptimism-sdk\/ios\/MAXApptimismCustomAdapter\/MAXApptimismCustomAdapter\/Internal\/RevenueTracker.swift",
      "kind": "StringLiteral",
      "offset": 1860,
      "length": 13,
      "value": "\"userSegment\""
    },
    {
      "filePath": "\/Users\/v.zaharov\/src\/apptimism-sdk\/ios\/MAXApptimismCustomAdapter\/MAXApptimismCustomAdapter\/Internal\/RevenueTracker.swift",
      "kind": "StringLiteral",
      "offset": 1890,
      "length": 14,
      "value": "\"user_segment\""
    },
    {
      "filePath": "\/Users\/v.zaharov\/src\/apptimism-sdk\/ios\/MAXApptimismCustomAdapter\/MAXApptimismCustomAdapter\/Internal\/RevenueTracker.swift",
      "kind": "StringLiteral",
      "offset": 2060,
      "length": 11,
      "value": "\"apptimism\""
    },
    {
      "filePath": "\/Users\/v.zaharov\/src\/apptimism-sdk\/ios\/MAXApptimismCustomAdapter\/MAXApptimismCustomAdapter\/Internal\/RevenueTracker.swift",
      "kind": "StringLiteral",
      "offset": 198,
      "length": 14,
      "value": "\"MAXApptimismCustomAdapter.RevenueTracker\""
    },
    {
      "filePath": "\/Users\/v.zaharov\/src\/apptimism-sdk\/ios\/MAXApptimismCustomAdapter\/MAXApptimismCustomAdapter\/MAXApptimismCustomAdapter.swift",
      "kind": "StringLiteral",
      "offset": 442,
      "length": 8,
      "value": "\"app_id\""
    },
    {
      "filePath": "\/Users\/v.zaharov\/src\/apptimism-sdk\/ios\/MAXApptimismCustomAdapter\/MAXApptimismCustomAdapter\/MAXApptimismCustomAdapter.swift",
      "kind": "StringLiteral",
      "offset": 487,
      "length": 7,
      "value": "\"0.0.8\""
    },
    {
      "filePath": "\/Users\/v.zaharov\/src\/apptimism-sdk\/ios\/MAXApptimismCustomAdapter\/MAXApptimismCustomAdapter\/MAXApptimismCustomAdapter.swift",
      "kind": "StringLiteral",
      "offset": 1204,
      "length": 41,
      "value": "\"[MAXApptimismCustomAdapter] Init called\""
    },
    {
      "filePath": "\/Users\/v.zaharov\/src\/apptimism-sdk\/ios\/MAXApptimismCustomAdapter\/MAXApptimismCustomAdapter\/MAXApptimismCustomAdapter.swift",
      "kind": "StringLiteral",
      "offset": 1356,
      "length": 62,
      "value": "\"[MAXApptimismCustomAdapter] Failed to get appId to start SDK\""
    },
    {
      "filePath": "\/Users\/v.zaharov\/src\/apptimism-sdk\/ios\/MAXApptimismCustomAdapter\/MAXApptimismCustomAdapter\/MAXApptimismCustomAdapter.swift",
      "kind": "StringLiteral",
      "offset": 1471,
      "length": 34,
      "value": "\"Failed to get appId to start SDK\""
    },
    {
      "filePath": "\/Users\/v.zaharov\/src\/apptimism-sdk\/ios\/MAXApptimismCustomAdapter\/MAXApptimismCustomAdapter\/MAXApptimismCustomAdapter.swift",
      "kind": "StringLiteral",
      "offset": 1601,
      "length": 67,
      "value": "\"[MAXApptimismCustomAdapter] Second start was registered, skipping\""
    },
    {
      "filePath": "\/Users\/v.zaharov\/src\/apptimism-sdk\/ios\/MAXApptimismCustomAdapter\/MAXApptimismCustomAdapter\/MAXApptimismCustomAdapter.swift",
      "kind": "StringLiteral",
      "offset": 1721,
      "length": 39,
      "value": "\"Second start was registered, skipping\""
    },
    {
      "filePath": "\/Users\/v.zaharov\/src\/apptimism-sdk\/ios\/MAXApptimismCustomAdapter\/MAXApptimismCustomAdapter\/MAXApptimismCustomAdapter.swift",
      "kind": "StringLiteral",
      "offset": 2267,
      "length": 21,
      "value": "\"Initialized success\""
    },
    {
      "filePath": "\/Users\/v.zaharov\/src\/apptimism-sdk\/ios\/MAXApptimismCustomAdapter\/MAXApptimismCustomAdapter\/MAXApptimismCustomAdapter.swift",
      "kind": "StringLiteral",
      "offset": 2390,
      "length": 73,
      "value": "\"[MAXApptimismCustomAdapter] Failed while start SDK with error: \""
    },
    {
      "filePath": "\/Users\/v.zaharov\/src\/apptimism-sdk\/ios\/MAXApptimismCustomAdapter\/MAXApptimismCustomAdapter\/MAXApptimismCustomAdapter.swift",
      "kind": "StringLiteral",
      "offset": 2462,
      "length": 2,
      "value": "\"\""
    },
    {
      "filePath": "\/Users\/v.zaharov\/src\/apptimism-sdk\/ios\/MAXApptimismCustomAdapter\/MAXApptimismCustomAdapter\/MAXApptimismCustomAdapter.swift",
      "kind": "StringLiteral",
      "offset": 2516,
      "length": 45,
      "value": "\"Failed while start SDK with error: \""
    },
    {
      "filePath": "\/Users\/v.zaharov\/src\/apptimism-sdk\/ios\/MAXApptimismCustomAdapter\/MAXApptimismCustomAdapter\/MAXApptimismCustomAdapter.swift",
      "kind": "StringLiteral",
      "offset": 2560,
      "length": 2,
      "value": "\"\""
    },
    {
      "filePath": "\/Users\/v.zaharov\/src\/apptimism-sdk\/ios\/MAXApptimismCustomAdapter\/MAXApptimismCustomAdapter\/MAXApptimismCustomAdapter.swift",
      "kind": "StringLiteral",
      "offset": 2891,
      "length": 56,
      "value": "\"[MAXApptimismCustomAdapter] Adapter didn't initialized\""
    },
    {
      "filePath": "\/Users\/v.zaharov\/src\/apptimism-sdk\/ios\/MAXApptimismCustomAdapter\/MAXApptimismCustomAdapter\/MAXApptimismCustomAdapter.swift",
      "kind": "StringLiteral",
      "offset": 3065,
      "length": 27,
      "value": "\"loadInterstitialAd called\""
    },
    {
      "filePath": "\/Users\/v.zaharov\/src\/apptimism-sdk\/ios\/MAXApptimismCustomAdapter\/MAXApptimismCustomAdapter\/MAXApptimismCustomAdapter.swift",
      "kind": "StringLiteral",
      "offset": 3573,
      "length": 27,
      "value": "\"showInterstitialAd called\""
    },
    {
      "filePath": "\/Users\/v.zaharov\/src\/apptimism-sdk\/ios\/MAXApptimismCustomAdapter\/MAXApptimismCustomAdapter\/MAXApptimismCustomAdapter.swift",
      "kind": "StringLiteral",
      "offset": 4126,
      "length": 56,
      "value": "\"[MAXApptimismCustomAdapter] Adapter didn't initialized\""
    },
    {
      "filePath": "\/Users\/v.zaharov\/src\/apptimism-sdk\/ios\/MAXApptimismCustomAdapter\/MAXApptimismCustomAdapter\/MAXApptimismCustomAdapter.swift",
      "kind": "StringLiteral",
      "offset": 4296,
      "length": 23,
      "value": "\"loadRewardedAd called\""
    },
    {
      "filePath": "\/Users\/v.zaharov\/src\/apptimism-sdk\/ios\/MAXApptimismCustomAdapter\/MAXApptimismCustomAdapter\/MAXApptimismCustomAdapter.swift",
      "kind": "StringLiteral",
      "offset": 4768,
      "length": 23,
      "value": "\"showRewardedAd called\""
    },
    {
      "filePath": "\/Users\/v.zaharov\/src\/apptimism-sdk\/ios\/MAXApptimismCustomAdapter\/MAXApptimismCustomAdapter\/MAXApptimismCustomInterstitialVideo.swift",
      "kind": "StringLiteral",
      "offset": 827,
      "length": 51,
      "value": "\"[MAXApptimismCustomInterstitialVideo] initialized\""
    },
    {
      "filePath": "\/Users\/v.zaharov\/src\/apptimism-sdk\/ios\/MAXApptimismCustomAdapter\/MAXApptimismCustomAdapter\/MAXApptimismCustomInterstitialVideo.swift",
      "kind": "StringLiteral",
      "offset": 1192,
      "length": 51,
      "value": "\"[MAXApptimismCustomInterstitialVideo] load called\""
    },
    {
      "filePath": "\/Users\/v.zaharov\/src\/apptimism-sdk\/ios\/MAXApptimismCustomAdapter\/MAXApptimismCustomAdapter\/MAXApptimismCustomInterstitialVideo.swift",
      "kind": "StringLiteral",
      "offset": 1653,
      "length": 46,
      "value": "\"[MAXApptimismCustomInterstitialVideo] loaded\""
    },
    {
      "filePath": "\/Users\/v.zaharov\/src\/apptimism-sdk\/ios\/MAXApptimismCustomAdapter\/MAXApptimismCustomAdapter\/MAXApptimismCustomInterstitialVideo.swift",
      "kind": "StringLiteral",
      "offset": 1985,
      "length": 69,
      "value": "\"[MAXApptimismCustomInterstitialVideo] failed to load with: \""
    },
    {
      "filePath": "\/Users\/v.zaharov\/src\/apptimism-sdk\/ios\/MAXApptimismCustomAdapter\/MAXApptimismCustomAdapter\/MAXApptimismCustomInterstitialVideo.swift",
      "kind": "StringLiteral",
      "offset": 2053,
      "length": 2,
      "value": "\"\""
    },
    {
      "filePath": "\/Users\/v.zaharov\/src\/apptimism-sdk\/ios\/MAXApptimismCustomAdapter\/MAXApptimismCustomAdapter\/MAXApptimismCustomInterstitialVideo.swift",
      "kind": "StringLiteral",
      "offset": 2337,
      "length": 51,
      "value": "\"[MAXApptimismCustomInterstitialVideo] show called\""
    },
    {
      "filePath": "\/Users\/v.zaharov\/src\/apptimism-sdk\/ios\/MAXApptimismCustomAdapter\/MAXApptimismCustomAdapter\/MAXApptimismCustomInterstitialVideo.swift",
      "kind": "StringLiteral",
      "offset": 2547,
      "length": 87,
      "value": "\"[MAXApptimismCustomInterstitialVideo] failed to show: presentingViewController is nil\""
    },
    {
      "filePath": "\/Users\/v.zaharov\/src\/apptimism-sdk\/ios\/MAXApptimismCustomAdapter\/MAXApptimismCustomAdapter\/MAXApptimismCustomInterstitialVideo.swift",
      "kind": "StringLiteral",
      "offset": 2782,
      "length": 52,
      "value": "\"[MAXApptimismCustomInterstitialVideo] shown called\""
    },
    {
      "filePath": "\/Users\/v.zaharov\/src\/apptimism-sdk\/ios\/MAXApptimismCustomAdapter\/MAXApptimismCustomAdapter\/MAXApptimismCustomInterstitialVideo.swift",
      "kind": "StringLiteral",
      "offset": 213,
      "length": 35,
      "value": "\"MAXApptimismCustomAdapter.MAXApptimismCustomInterstitialVideo\""
    },
    {
      "filePath": "\/Users\/v.zaharov\/src\/apptimism-sdk\/ios\/MAXApptimismCustomAdapter\/MAXApptimismCustomAdapter\/MAXApptimismCustomInterstitialVideo.swift",
      "kind": "StringLiteral",
      "offset": 3118,
      "length": 93,
      "value": "\"[MAXApptimismCustomInterstitialVideo][InterstitialAdDelegate] didFailToShowWithError called\""
    },
    {
      "filePath": "\/Users\/v.zaharov\/src\/apptimism-sdk\/ios\/MAXApptimismCustomAdapter\/MAXApptimismCustomAdapter\/MAXApptimismCustomInterstitialVideo.swift",
      "kind": "StringLiteral",
      "offset": 3380,
      "length": 83,
      "value": "\"[MAXApptimismCustomInterstitialVideo][InterstitialAdDelegate] adDidDismiss called\""
    },
    {
      "filePath": "\/Users\/v.zaharov\/src\/apptimism-sdk\/ios\/MAXApptimismCustomAdapter\/MAXApptimismCustomAdapter\/MAXApptimismCustomInterstitialVideo.swift",
      "kind": "StringLiteral",
      "offset": 3597,
      "length": 87,
      "value": "\"[MAXApptimismCustomInterstitialVideo][InterstitialAdDelegate] adDidRecordClick called\""
    },
    {
      "filePath": "\/Users\/v.zaharov\/src\/apptimism-sdk\/ios\/MAXApptimismCustomAdapter\/MAXApptimismCustomAdapter\/MAXApptimismCustomInterstitialVideo.swift",
      "kind": "StringLiteral",
      "offset": 3819,
      "length": 83,
      "value": "\"[MAXApptimismCustomInterstitialVideo][InterstitialAdDelegate] adDidDisplay called\""
    }
  ]
}