{
  "ABIRoot": {
    "kind": "Root",
    "name": "MAXApptimismCustomAdapter",
    "printedName": "MAXApptimismCustomAdapter",
    "children": [
      {
        "kind": "Import",
        "name": "ApptimismSDK",
        "printedName": "ApptimismSDK",
        "declKind": "Import",
        "moduleName": "MAXApptimismCustomAdapter",
        "declAttributes": [
          "SPIAccessControl",
          "RawDocComment"
        ]
      },
      {
        "kind": "Import",
        "name": "AppLovinSDK",
        "printedName": "AppLovinSDK",
        "declKind": "Import",
        "moduleName": "MAXApptimismCustomAdapter"
      },
      {
        "kind": "Import",
        "name": "UIKit",
        "printedName": "UIKit",
        "declKind": "Import",
        "moduleName": "MAXApptimismCustomAdapter"
      },
      {
        "kind": "Import",
        "name": "ApptimismSDK",
        "printedName": "ApptimismSDK",
        "declKind": "Import",
        "moduleName": "MAXApptimismCustomAdapter",
        "declAttributes": [
          "SPIAccessControl",
          "RawDocComment"
        ]
      },
      {
        "kind": "Import",
        "name": "AppLovinSDK",
        "printedName": "AppLovinSDK",
        "declKind": "Import",
        "moduleName": "MAXApptimismCustomAdapter"
      },
      {
        "kind": "Import",
        "name": "Foundation",
        "printedName": "Foundation",
        "declKind": "Import",
        "moduleName": "MAXApptimismCustomAdapter"
      },
      {
        "kind": "Import",
        "name": "ApptimismSDK",
        "printedName": "ApptimismSDK",
        "declKind": "Import",
        "moduleName": "MAXApptimismCustomAdapter",
        "declAttributes": [
          "SPIAccessControl",
          "RawDocComment"
        ]
      },
      {
        "kind": "Import",
        "name": "AppLovinSDK",
        "printedName": "AppLovinSDK",
        "declKind": "Import",
        "moduleName": "MAXApptimismCustomAdapter"
      },
      {
        "kind": "Import",
        "name": "UIKit",
        "printedName": "UIKit",
        "declKind": "Import",
        "moduleName": "MAXApptimismCustomAdapter"
      },
      {
        "kind": "Import",
        "name": "ApptimismSDK",
        "printedName": "ApptimismSDK",
        "declKind": "Import",
        "moduleName": "MAXApptimismCustomAdapter",
        "declAttributes": [
          "SPIAccessControl",
          "RawDocComment"
        ]
      },
      {
        "kind": "Import",
        "name": "AppLovinSDK",
        "printedName": "AppLovinSDK",
        "declKind": "Import",
        "moduleName": "MAXApptimismCustomAdapter"
      },
      {
        "kind": "Import",
        "name": "Combine",
        "printedName": "Combine",
        "declKind": "Import",
        "moduleName": "MAXApptimismCustomAdapter"
      },
      {
        "kind": "TypeDecl",
        "name": "MAXApptimismCustomAdapter",
        "printedName": "MAXApptimismCustomAdapter",
        "children": [
          {
            "kind": "Var",
            "name": "sdkVersion",
            "printedName": "sdkVersion",
            "children": [
              {
                "kind": "TypeNominal",
                "name": "String",
                "printedName": "Swift.String",
                "usr": "s:SS"
              }
            ],
            "declKind": "Var",
            "usr": "c:@M@MAXApptimismCustomAdapter@objc(cs)MAXApptimismCustomAdapter(py)SDKVersion",
            "mangledName": "$s25MAXApptimismCustomAdapterAAC10sdkVersionSSvp",
            "moduleName": "MAXApptimismCustomAdapter",
            "overriding": true,
            "objc_name": "SDKVersion",
            "declAttributes": [
              "Final",
              "ObjC",
              "Override",
              "AccessControl",
              "RawDocComment"
            ],
            "accessors": [
              {
                "kind": "Accessor",
                "name": "Get",
                "printedName": "Get()",
                "children": [
                  {
                    "kind": "TypeNominal",
                    "name": "String",
                    "printedName": "Swift.String",
                    "usr": "s:SS"
                  }
                ],
                "declKind": "Accessor",
                "usr": "c:@M@MAXApptimismCustomAdapter@objc(cs)MAXApptimismCustomAdapter(im)SDKVersion",
                "mangledName": "$s25MAXApptimismCustomAdapterAAC10sdkVersionSSvg",
                "moduleName": "MAXApptimismCustomAdapter",
                "overriding": true,
                "objc_name": "SDKVersion",
                "declAttributes": [
                  "Final",
                  "ObjC"
                ],
                "accessorKind": "get"
              }
            ]
          },
          {
            "kind": "Var",
            "name": "adapterVersion",
            "printedName": "adapterVersion",
            "children": [
              {
                "kind": "TypeNominal",
                "name": "String",
                "printedName": "Swift.String",
                "usr": "s:SS"
              }
            ],
            "declKind": "Var",
            "usr": "c:@M@MAXApptimismCustomAdapter@objc(cs)MAXApptimismCustomAdapter(py)adapterVersion",
            "mangledName": "$s25MAXApptimismCustomAdapterAAC14adapterVersionSSvp",
            "moduleName": "MAXApptimismCustomAdapter",
            "overriding": true,
            "objc_name": "adapterVersion",
            "declAttributes": [
              "Final",
              "ObjC",
              "Override",
              "AccessControl"
            ],
            "accessors": [
              {
                "kind": "Accessor",
                "name": "Get",
                "printedName": "Get()",
                "children": [
                  {
                    "kind": "TypeNominal",
                    "name": "String",
                    "printedName": "Swift.String",
                    "usr": "s:SS"
                  }
                ],
                "declKind": "Accessor",
                "usr": "c:@M@MAXApptimismCustomAdapter@objc(cs)MAXApptimismCustomAdapter(im)adapterVersion",
                "mangledName": "$s25MAXApptimismCustomAdapterAAC14adapterVersionSSvg",
                "moduleName": "MAXApptimismCustomAdapter",
                "overriding": true,
                "objc_name": "adapterVersion",
                "declAttributes": [
                  "Final",
                  "ObjC"
                ],
                "accessorKind": "get"
              }
            ]
          },
          {
            "kind": "Function",
            "name": "initialize",
            "printedName": "initialize(with:completionHandler:)",
            "children": [
              {
                "kind": "TypeNominal",
                "name": "Void",
                "printedName": "()"
              },
              {
                "kind": "TypeNominal",
                "name": "MAAdapterInitializationParameters",
                "printedName": "any AppLovinSDK.MAAdapterInitializationParameters",
                "usr": "c:objc(pl)MAAdapterInitializationParameters"
              },
              {
                "kind": "TypeFunc",
                "name": "Function",
                "printedName": "(AppLovinSDK.MAAdapterInitializationStatus, Swift.String?) -> ()",
                "children": [
                  {
                    "kind": "TypeNominal",
                    "name": "Void",
                    "printedName": "()"
                  },
                  {
                    "kind": "TypeNominal",
                    "name": "Tuple",
                    "printedName": "(AppLovinSDK.MAAdapterInitializationStatus, Swift.String?)",
                    "children": [
                      {
                        "kind": "TypeNominal",
                        "name": "MAAdapterInitializationStatus",
                        "printedName": "AppLovinSDK.MAAdapterInitializationStatus",
                        "usr": "c:@E@MAAdapterInitializationStatus"
                      },
                      {
                        "kind": "TypeNominal",
                        "name": "Optional",
                        "printedName": "Swift.String?",
                        "children": [
                          {
                            "kind": "TypeNominal",
                            "name": "String",
                            "printedName": "Swift.String",
                            "usr": "s:SS"
                          }
                        ],
                        "usr": "s:Sq"
                      }
                    ]
                  }
                ]
              }
            ],
            "declKind": "Func",
            "usr": "c:@M@MAXApptimismCustomAdapter@objc(cs)MAXApptimismCustomAdapter(im)initializeWithParameters:completionHandler:",
            "mangledName": "$s25MAXApptimismCustomAdapterAAC10initialize4with17completionHandlerySo33MAAdapterInitializationParameters_p_ySo0hI6StatusV_SSSgtctF",
            "moduleName": "MAXApptimismCustomAdapter",
            "overriding": true,
            "objc_name": "initializeWithParameters:completionHandler:",
            "declAttributes": [
              "Final",
              "ObjC",
              "Override",
              "AccessControl"
            ],
            "funcSelfKind": "NonMutating"
          },
          {
            "kind": "Function",
            "name": "loadInterstitialAd",
            "printedName": "loadInterstitialAd(for:andNotify:)",
            "children": [
              {
                "kind": "TypeNominal",
                "name": "Void",
                "printedName": "()"
              },
              {
                "kind": "TypeNominal",
                "name": "MAAdapterResponseParameters",
                "printedName": "any AppLovinSDK.MAAdapterResponseParameters",
                "usr": "c:objc(pl)MAAdapterResponseParameters"
              },
              {
                "kind": "TypeNominal",
                "name": "MAInterstitialAdapterDelegate",
                "printedName": "any AppLovinSDK.MAInterstitialAdapterDelegate",
                "usr": "c:objc(pl)MAInterstitialAdapterDelegate"
              }
            ],
            "declKind": "Func",
            "usr": "c:@M@MAXApptimismCustomAdapter@objc(cs)MAXApptimismCustomAdapter(im)loadInterstitialAdForParameters:andNotify:",
            "mangledName": "$s25MAXApptimismCustomAdapterAAC18loadInterstitialAd3for9andNotifyySo27MAAdapterResponseParameters_p_So014MAInterstitialC8Delegate_ptF",
            "moduleName": "MAXApptimismCustomAdapter",
            "objc_name": "loadInterstitialAdForParameters:andNotify:",
            "declAttributes": [
              "Final",
              "ObjC",
              "AccessControl",
              "RawDocComment"
            ],
            "funcSelfKind": "NonMutating"
          },
          {
            "kind": "Function",
            "name": "showInterstitialAd",
            "printedName": "showInterstitialAd(for:andNotify:)",
            "children": [
              {
                "kind": "TypeNominal",
                "name": "Void",
                "printedName": "()"
              },
              {
                "kind": "TypeNominal",
                "name": "MAAdapterResponseParameters",
                "printedName": "any AppLovinSDK.MAAdapterResponseParameters",
                "usr": "c:objc(pl)MAAdapterResponseParameters"
              },
              {
                "kind": "TypeNominal",
                "name": "MAInterstitialAdapterDelegate",
                "printedName": "any AppLovinSDK.MAInterstitialAdapterDelegate",
                "usr": "c:objc(pl)MAInterstitialAdapterDelegate"
              }
            ],
            "declKind": "Func",
            "usr": "c:@M@MAXApptimismCustomAdapter@objc(cs)MAXApptimismCustomAdapter(im)showInterstitialAdForParameters:andNotify:",
            "mangledName": "$s25MAXApptimismCustomAdapterAAC18showInterstitialAd3for9andNotifyySo27MAAdapterResponseParameters_p_So014MAInterstitialC8Delegate_ptF",
            "moduleName": "MAXApptimismCustomAdapter",
            "objc_name": "showInterstitialAdForParameters:andNotify:",
            "declAttributes": [
              "Final",
              "ObjC",
              "AccessControl"
            ],
            "funcSelfKind": "NonMutating"
          },
          {
            "kind": "Function",
            "name": "loadRewardedAd",
            "printedName": "loadRewardedAd(for:andNotify:)",
            "children": [
              {
                "kind": "TypeNominal",
                "name": "Void",
                "printedName": "()"
              },
              {
                "kind": "TypeNominal",
                "name": "MAAdapterResponseParameters",
                "printedName": "any AppLovinSDK.MAAdapterResponseParameters",
                "usr": "c:objc(pl)MAAdapterResponseParameters"
              },
              {
                "kind": "TypeNominal",
                "name": "MARewardedAdapterDelegate",
                "printedName": "any AppLovinSDK.MARewardedAdapterDelegate",
                "usr": "c:objc(pl)MARewardedAdapterDelegate"
              }
            ],
            "declKind": "Func",
            "usr": "c:@M@MAXApptimismCustomAdapter@objc(cs)MAXApptimismCustomAdapter(im)loadRewardedAdForParameters:andNotify:",
            "mangledName": "$s25MAXApptimismCustomAdapterAAC14loadRewardedAd3for9andNotifyySo27MAAdapterResponseParameters_p_So010MARewardedC8Delegate_ptF",
            "moduleName": "MAXApptimismCustomAdapter",
            "objc_name": "loadRewardedAdForParameters:andNotify:",
            "declAttributes": [
              "Final",
              "ObjC",
              "AccessControl",
              "RawDocComment"
            ],
            "funcSelfKind": "NonMutating"
          },
          {
            "kind": "Function",
            "name": "showRewardedAd",
            "printedName": "showRewardedAd(for:andNotify:)",
            "children": [
              {
                "kind": "TypeNominal",
                "name": "Void",
                "printedName": "()"
              },
              {
                "kind": "TypeNominal",
                "name": "MAAdapterResponseParameters",
                "printedName": "any AppLovinSDK.MAAdapterResponseParameters",
                "usr": "c:objc(pl)MAAdapterResponseParameters"
              },
              {
                "kind": "TypeNominal",
                "name": "MARewardedAdapterDelegate",
                "printedName": "any AppLovinSDK.MARewardedAdapterDelegate",
                "usr": "c:objc(pl)MARewardedAdapterDelegate"
              }
            ],
            "declKind": "Func",
            "usr": "c:@M@MAXApptimismCustomAdapter@objc(cs)MAXApptimismCustomAdapter(im)showRewardedAdForParameters:andNotify:",
            "mangledName": "$s25MAXApptimismCustomAdapterAAC14showRewardedAd3for9andNotifyySo27MAAdapterResponseParameters_p_So010MARewardedC8Delegate_ptF",
            "moduleName": "MAXApptimismCustomAdapter",
            "objc_name": "showRewardedAdForParameters:andNotify:",
            "declAttributes": [
              "Final",
              "ObjC",
              "AccessControl"
            ],
            "funcSelfKind": "NonMutating"
          },
          {
            "kind": "Function",
            "name": "loadAdViewAd",
            "printedName": "loadAdViewAd(for:adFormat:andNotify:)",
            "children": [
              {
                "kind": "TypeNominal",
                "name": "Void",
                "printedName": "()"
              },
              {
                "kind": "TypeNominal",
                "name": "MAAdapterResponseParameters",
                "printedName": "any AppLovinSDK.MAAdapterResponseParameters",
                "usr": "c:objc(pl)MAAdapterResponseParameters"
              },
              {
                "kind": "TypeNominal",
                "name": "MAAdFormat",
                "printedName": "AppLovinSDK.MAAdFormat",
                "usr": "c:objc(cs)MAAdFormat"
              },
              {
                "kind": "TypeNominal",
                "name": "MAAdViewAdapterDelegate",
                "printedName": "any AppLovinSDK.MAAdViewAdapterDelegate",
                "usr": "c:objc(pl)MAAdViewAdapterDelegate"
              }
            ],
            "declKind": "Func",
            "usr": "c:@M@MAXApptimismCustomAdapter@objc(cs)MAXApptimismCustomAdapter(im)loadAdViewAdForParameters:adFormat:andNotify:",
            "mangledName": "$s25MAXApptimismCustomAdapterAAC010loadAdViewE03for8adFormat9andNotifyySo27MAAdapterResponseParameters_p_So04MAAdI0CSo0ofC8Delegate_ptF",
            "moduleName": "MAXApptimismCustomAdapter",
            "objc_name": "loadAdViewAdForParameters:adFormat:andNotify:",
            "declAttributes": [
              "Final",
              "ObjC",
              "AccessControl",
              "RawDocComment"
            ],
            "funcSelfKind": "NonMutating"
          },
          {
            "kind": "Constructor",
            "name": "init",
            "printedName": "init(sdk:)",
            "children": [
              {
                "kind": "TypeNominal",
                "name": "MAXApptimismCustomAdapter",
                "printedName": "MAXApptimismCustomAdapter.MAXApptimismCustomAdapter",
                "usr": "c:@M@MAXApptimismCustomAdapter@objc(cs)MAXApptimismCustomAdapter"
              },
              {
                "kind": "TypeNominal",
                "name": "ALSdk",
                "printedName": "AppLovinSDK.ALSdk",
                "usr": "c:objc(cs)ALSdk"
              }
            ],
            "declKind": "Constructor",
            "usr": "c:@M@MAXApptimismCustomAdapter@objc(cs)MAXApptimismCustomAdapter(im)initWithSdk:",
            "mangledName": "$s25MAXApptimismCustomAdapterAAC3sdkABSo5ALSdkC_tcfc",
            "moduleName": "MAXApptimismCustomAdapter",
            "overriding": true,
            "implicit": true,
            "objc_name": "initWithSdk:",
            "declAttributes": [
              "Dynamic",
              "ObjC",
              "Override"
            ],
            "init_kind": "Designated"
          }
        ],
        "declKind": "Class",
        "usr": "c:@M@MAXApptimismCustomAdapter@objc(cs)MAXApptimismCustomAdapter",
        "mangledName": "$s25MAXApptimismCustomAdapterAAC",
        "moduleName": "MAXApptimismCustomAdapter",
        "objc_name": "MAXApptimismCustomAdapter",
        "declAttributes": [
          "Final",
          "AccessControl",
          "ObjCMembers",
          "ObjC"
        ],
        "superclassUsr": "c:objc(cs)ALMediationAdapter",
        "inheritsConvenienceInitializers": true,
        "superclassNames": [
          "AppLovinSDK.ALMediationAdapter",
          "ObjectiveC.NSObject"
        ],
        "conformances": [
          {
            "kind": "Conformance",
            "name": "Copyable",
            "printedName": "Copyable",
            "usr": "s:s8CopyableP",
            "mangledName": "$ss8CopyableP"
          },
          {
            "kind": "Conformance",
            "name": "Escapable",
            "printedName": "Escapable",
            "usr": "s:s9EscapableP",
            "mangledName": "$ss9EscapableP"
          },
          {
            "kind": "Conformance",
            "name": "Equatable",
            "printedName": "Equatable",
            "usr": "s:SQ",
            "mangledName": "$sSQ"
          },
          {
            "kind": "Conformance",
            "name": "Hashable",
            "printedName": "Hashable",
            "usr": "s:SH",
            "mangledName": "$sSH"
          },
          {
            "kind": "Conformance",
            "name": "CVarArg",
            "printedName": "CVarArg",
            "usr": "s:s7CVarArgP",
            "mangledName": "$ss7CVarArgP"
          },
          {
            "kind": "Conformance",
            "name": "_KeyValueCodingAndObservingPublishing",
            "printedName": "_KeyValueCodingAndObservingPublishing",
            "usr": "s:10Foundation37_KeyValueCodingAndObservingPublishingP",
            "mangledName": "$s10Foundation37_KeyValueCodingAndObservingPublishingP"
          },
          {
            "kind": "Conformance",
            "name": "_KeyValueCodingAndObserving",
            "printedName": "_KeyValueCodingAndObserving",
            "usr": "s:10Foundation27_KeyValueCodingAndObservingP",
            "mangledName": "$s10Foundation27_KeyValueCodingAndObservingP"
          },
          {
            "kind": "Conformance",
            "name": "CustomStringConvertible",
            "printedName": "CustomStringConvertible",
            "usr": "s:s23CustomStringConvertibleP",
            "mangledName": "$ss23CustomStringConvertibleP"
          },
          {
            "kind": "Conformance",
            "name": "CustomDebugStringConvertible",
            "printedName": "CustomDebugStringConvertible",
            "usr": "s:s28CustomDebugStringConvertibleP",
            "mangledName": "$ss28CustomDebugStringConvertibleP"
          }
        ]
      },
      {
        "kind": "Import",
        "name": "ApptimismSDK",
        "printedName": "ApptimismSDK",
        "declKind": "Import",
        "moduleName": "MAXApptimismCustomAdapter",
        "declAttributes": [
          "SPIAccessControl",
          "RawDocComment"
        ]
      },
      {
        "kind": "Import",
        "name": "AppLovinSDK",
        "printedName": "AppLovinSDK",
        "declKind": "Import",
        "moduleName": "MAXApptimismCustomAdapter"
      },
      {
        "kind": "Import",
        "name": "UIKit",
        "printedName": "UIKit",
        "declKind": "Import",
        "moduleName": "MAXApptimismCustomAdapter"
      }
    ],
    "json_format_version": 8
  },
  "ConstValues": [
    {
      "filePath": "\/Users\/v.zaharov\/src\/apptimism-sdk\/ios\/MAXApptimismCustomAdapter\/MAXApptimismCustomAdapter\/Internal\/RevenueTracker.swift",
      "kind": "StringLiteral",
      "offset": 309,
      "length": 20,
      "value": "\"max_revenue_events\""
    },
    {
      "filePath": "\/Users\/v.zaharov\/src\/apptimism-sdk\/ios\/MAXApptimismCustomAdapter\/MAXApptimismCustomAdapter\/MAXApptimismCustomAdapter.swift",
      "kind": "StringLiteral",
      "offset": 459,
      "length": 8,
      "value": "\"app_id\""
    },
    {
      "filePath": "\/Users\/v.zaharov\/src\/apptimism-sdk\/ios\/MAXApptimismCustomAdapter\/MAXApptimismCustomAdapter\/MAXApptimismCustomAdapter.swift",
      "kind": "StringLiteral",
      "offset": 504,
      "length": 7,
      "value": "\"0.2.0\""
    }
  ]
}